paquet,version,licence,depot
ab_glyph,0.2.32,Apache-2.0,https://github.com/alexheretic/ab-glyph
ab_glyph_rasterizer,0.1.10,Apache-2.0,https://github.com/alexheretic/ab-glyph
accesskit,0.21.1,MIT OR Apache-2.0,https://github.com/AccessKit/accesskit
accesskit_consumer,0.31.0,MIT OR Apache-2.0,https://github.com/AccessKit/accesskit
accesskit_macos,0.22.2,MIT OR Apache-2.0,https://github.com/AccessKit/accesskit
accesskit_windows,0.29.2,MIT OR Apache-2.0,https://github.com/AccessKit/accesskit
accesskit_winit,0.29.2,Apache-2.0,https://github.com/AccessKit/accesskit
adler2,2.0.1,0BSD OR MIT OR Apache-2.0,https://github.com/oyvindln/adler2
ahash,0.8.12,MIT OR Apache-2.0,https://github.com/tkaitchuck/ahash
aho-corasick,1.1.4,Unlicense OR MIT,https://github.com/BurntSushi/aho-corasick
allocator-api2,0.2.21,MIT OR Apache-2.0,https://github.com/zakarumych/allocator-api2
alsa,0.9.1,Apache-2.0/MIT,https://github.com/diwic/alsa-rs
alsa-sys,0.3.1,MIT,https://github.com/diwic/alsa-sys
android-activity,0.6.1,MIT OR Apache-2.0,https://github.com/rust-mobile/android-activity
android-properties,0.2.2,MIT,https://github.com/miklelappo/android-properties
android_log-sys,0.3.2,MIT OR Apache-2.0,https://github.com/rust-mobile/android_log-sys-rs
android_system_properties,0.1.5,MIT/Apache-2.0,https://github.com/nical/android_system_properties
anes,0.1.6,MIT OR Apache-2.0,https://github.com/zrzka/anes-rs
anstream,1.0.0,MIT OR Apache-2.0,https://github.com/rust-cli/anstyle.git
anstyle,1.0.14,MIT OR Apache-2.0,https://github.com/rust-cli/anstyle.git
anstyle-parse,1.0.0,MIT OR Apache-2.0,https://github.com/rust-cli/anstyle.git
anstyle-query,1.1.5,MIT OR Apache-2.0,https://github.com/rust-cli/anstyle.git
anstyle-wincon,3.0.11,MIT OR Apache-2.0,https://github.com/rust-cli/anstyle.git
anyhow,1.0.102,MIT OR Apache-2.0,https://github.com/dtolnay/anyhow
approx,0.5.1,Apache-2.0,https://github.com/brendanzab/approx
arbitrary,1.4.2,MIT OR Apache-2.0,https://github.com/rust-fuzz/arbitrary/
arboard,3.6.1,MIT OR Apache-2.0,https://github.com/1Password/arboard
arrayref,0.3.9,BSD-2-Clause,https://github.com/droundy/arrayref
arrayvec,0.7.6,MIT OR Apache-2.0,https://github.com/bluss/arrayvec
as-raw-xcb-connection,1.0.1,MIT OR Apache-2.0,https://github.com/psychon/as-raw-xcb-connection
ash,0.38.0+1.3.281,MIT OR Apache-2.0,https://github.com/ash-rs/ash
assert_type_match,0.1.1,MIT OR Apache-2.0,https://github.com/MrGVSV/assert_type_match
async-broadcast,0.7.2,MIT OR Apache-2.0,https://github.com/smol-rs/async-broadcast
async-channel,2.5.0,Apache-2.0 OR MIT,https://github.com/smol-rs/async-channel
async-executor,1.14.0,Apache-2.0 OR MIT,https://github.com/smol-rs/async-executor
async-fs,2.2.0,Apache-2.0 OR MIT,https://github.com/smol-rs/async-fs
async-io,2.6.0,Apache-2.0 OR MIT,https://github.com/smol-rs/async-io
async-lock,3.4.2,Apache-2.0 OR MIT,https://github.com/smol-rs/async-lock
async-task,4.7.1,Apache-2.0 OR MIT,https://github.com/smol-rs/async-task
atomic-arena,0.1.2,MIT OR Apache-2.0,https://github.com/tesselode/atomic-arena
atomic-waker,1.1.2,Apache-2.0 OR MIT,https://github.com/smol-rs/atomic-waker
atomicow,1.2.0,MIT OR Apache-2.0,https://github.com/bevyengine/atomicow
autocfg,1.5.0,Apache-2.0 OR MIT,https://github.com/cuviper/autocfg
base64,0.21.7,MIT OR Apache-2.0,https://github.com/marshallpierce/rust-base64
base64,0.22.1,MIT OR Apache-2.0,https://github.com/marshallpierce/rust-base64
basis-universal,0.3.1,MIT OR Apache-2.0,https://github.com/aclysma/basis-universal-rs
basis-universal-sys,0.3.1,MIT OR Apache-2.0,https://github.com/aclysma/basis-universal-rs
bevy,0.18.1,MIT OR Apache-2.0,https://github.com/bevyengine/bevy
bevy_a11y,0.18.1,MIT OR Apache-2.0,https://github.com/bevyengine/bevy
bevy_android,0.18.1,MIT OR Apache-2.0,https://github.com/bevyengine/bevy
bevy_animation,0.18.1,MIT OR Apache-2.0,https://github.com/bevyengine/bevy
bevy_animation_macros,0.18.1,MIT OR Apache-2.0,
bevy_anti_alias,0.18.1,MIT OR Apache-2.0,https://github.com/bevyengine/bevy
bevy_app,0.18.1,MIT OR Apache-2.0,https://github.com/bevyengine/bevy
bevy_asset,0.18.1,MIT OR Apache-2.0,https://github.com/bevyengine/bevy
bevy_asset_macros,0.18.1,MIT OR Apache-2.0,https://github.com/bevyengine/bevy
bevy_audio,0.18.1,MIT OR Apache-2.0,https://github.com/bevyengine/bevy
bevy_camera,0.18.1,MIT OR Apache-2.0,https://github.com/bevyengine/bevy
bevy_color,0.18.1,MIT OR Apache-2.0,https://github.com/bevyengine/bevy
bevy_core_pipeline,0.18.1,MIT OR Apache-2.0,https://github.com/bevyengine/bevy
bevy_derive,0.18.1,MIT OR Apache-2.0,https://github.com/bevyengine/bevy
bevy_dev_tools,0.18.1,MIT OR Apache-2.0,https://github.com/bevyengine/bevy
bevy_diagnostic,0.18.1,MIT OR Apache-2.0,https://github.com/bevyengine/bevy
bevy_ecs,0.18.1,MIT OR Apache-2.0,https://github.com/bevyengine/bevy
bevy_ecs_macros,0.18.1,MIT OR Apache-2.0,
bevy_egui,0.39.1,MIT,https://github.com/vladbat00/bevy_egui
bevy_encase_derive,0.18.1,MIT OR Apache-2.0,https://github.com/bevyengine/bevy
bevy_feathers,0.18.1,MIT OR Apache-2.0,https://github.com/bevyengine/bevy
bevy_gilrs,0.18.1,MIT OR Apache-2.0,https://github.com/bevyengine/bevy
bevy_gizmos,0.18.1,MIT OR Apache-2.0,https://github.com/bevyengine/bevy
bevy_gizmos_macros,0.18.1,MIT OR Apache-2.0,https://github.com/bevyengine/bevy
bevy_gizmos_render,0.18.1,MIT OR Apache-2.0,https://github.com/bevyengine/bevy
bevy_gltf,0.18.1,MIT OR Apache-2.0,https://github.com/bevyengine/bevy
bevy_hanabi,0.18.0,MIT OR Apache-2.0,https://github.com/djeedai/bevy_hanabi
bevy_image,0.18.1,MIT OR Apache-2.0,https://github.com/bevyengine/bevy
bevy_input,0.18.1,MIT OR Apache-2.0,https://github.com/bevyengine/bevy
bevy_input_focus,0.18.1,MIT OR Apache-2.0,https://github.com/bevyengine/bevy
bevy_internal,0.18.1,MIT OR Apache-2.0,https://github.com/bevyengine/bevy
bevy_kira_audio,0.25.0,MIT OR Apache-2.0,https://github.com/NiklasEi/bevy_kira_audio
bevy_light,0.18.1,MIT OR Apache-2.0,https://github.com/bevyengine/bevy
bevy_log,0.18.1,MIT OR Apache-2.0,https://github.com/bevyengine/bevy
bevy_macro_utils,0.18.1,MIT OR Apache-2.0,https://github.com/bevyengine/bevy
bevy_math,0.18.1,MIT OR Apache-2.0,https://github.com/bevyengine/bevy
bevy_mesh,0.18.1,MIT OR Apache-2.0,https://github.com/bevyengine/bevy
bevy_mikktspace,0.17.0-dev,Zlib AND (MIT OR Apache-2.0),https://github.com/bevyengine/bevy_mikktspace
bevy_mod_skinned_aabb,0.4.1,MIT OR Apache-2.0,https://github.com/greeble-dev/bevy_mod_skinned_aabb
bevy_pbr,0.18.1,MIT OR Apache-2.0,https://github.com/bevyengine/bevy
bevy_picking,0.18.1,MIT OR Apache-2.0,https://github.com/bevyengine/bevy
bevy_platform,0.18.1,MIT OR Apache-2.0,https://github.com/bevyengine/bevy
bevy_post_process,0.18.1,MIT OR Apache-2.0,https://github.com/bevyengine/bevy
bevy_ptr,0.18.1,MIT OR Apache-2.0,https://github.com/bevyengine/bevy
bevy_rapier3d,0.33.0,Apache-2.0,https://github.com/dimforge/bevy_rapier
bevy_reflect,0.18.1,MIT OR Apache-2.0,https://github.com/bevyengine/bevy
bevy_reflect_derive,0.18.1,MIT OR Apache-2.0,https://github.com/bevyengine/bevy
bevy_render,0.18.1,MIT OR Apache-2.0,https://github.com/bevyengine/bevy
bevy_render_macros,0.18.1,MIT OR Apache-2.0,https://github.com/bevyengine/bevy
bevy_scene,0.18.1,MIT OR Apache-2.0,https://github.com/bevyengine/bevy
bevy_shader,0.18.1,MIT OR Apache-2.0,https://github.com/bevyengine/bevy
bevy_sprite,0.18.1,MIT OR Apache-2.0,https://github.com/bevyengine/bevy
bevy_sprite_render,0.18.1,MIT OR Apache-2.0,https://github.com/bevyengine/bevy
bevy_state,0.18.1,MIT OR Apache-2.0,https://github.com/bevyengine/bevy
bevy_state_macros,0.18.1,MIT OR Apache-2.0,
bevy_tasks,0.18.1,MIT OR Apache-2.0,https://github.com/bevyengine/bevy
bevy_text,0.18.1,MIT OR Apache-2.0,https://github.com/bevyengine/bevy
bevy_time,0.18.1,MIT OR Apache-2.0,https://github.com/bevyengine/bevy
bevy_transform,0.18.1,MIT OR Apache-2.0,https://github.com/bevyengine/bevy
bevy_ui,0.18.1,MIT OR Apache-2.0,https://github.com/bevyengine/bevy
bevy_ui_render,0.18.1,MIT OR Apache-2.0,https://github.com/bevyengine/bevy
bevy_ui_widgets,0.18.1,MIT OR Apache-2.0,https://github.com/bevyengine/bevy
bevy_utils,0.18.1,MIT OR Apache-2.0,https://github.com/bevyengine/bevy
bevy_water,0.18.1,MIT OR Apache-2.0,https://github.com/Neopallium/bevy_water
bevy_window,0.18.1,MIT OR Apache-2.0,https://github.com/bevyengine/bevy
bevy_winit,0.18.1,MIT OR Apache-2.0,https://github.com/bevyengine/bevy
bindgen,0.72.1,BSD-3-Clause,https://github.com/rust-lang/rust-bindgen
bit-set,0.8.0,Apache-2.0 OR MIT,https://github.com/contain-rs/bit-set
bit-vec,0.8.0,Apache-2.0 OR MIT,https://github.com/contain-rs/bit-vec
bitflags,1.3.2,MIT/Apache-2.0,https://github.com/bitflags/bitflags
bitflags,2.11.1,MIT OR Apache-2.0,https://github.com/bitflags/bitflags
blake3,1.8.5,CC0-1.0 OR Apache-2.0 OR Apache-2.0 WITH LLVM-exception,https://github.com/BLAKE3-team/BLAKE3
block,0.1.6,MIT,http://github.com/SSheldon/rust-block
block-buffer,0.10.4,MIT OR Apache-2.0,https://github.com/RustCrypto/utils
block2,0.5.1,MIT,https://github.com/madsmtm/objc2
block2,0.6.2,MIT,https://github.com/madsmtm/objc2
blocking,1.6.2,Apache-2.0 OR MIT,https://github.com/smol-rs/blocking
bumpalo,3.20.2,MIT OR Apache-2.0,https://github.com/fitzgen/bumpalo
bvh2d,0.7.0,MIT,https://github.com/mockersf/bvh2d
bytemuck,1.25.0,Zlib OR Apache-2.0 OR MIT,https://github.com/Lokathor/bytemuck
bytemuck_derive,1.10.2,Zlib OR Apache-2.0 OR MIT,https://github.com/Lokathor/bytemuck
byteorder,1.5.0,Unlicense OR MIT,https://github.com/BurntSushi/byteorder
byteorder-lite,0.1.0,Unlicense OR MIT,https://github.com/image-rs/byteorder-lite
bytes,1.11.1,MIT,https://github.com/tokio-rs/bytes
calloop,0.13.0,MIT,https://github.com/Smithay/calloop
calloop-wayland-source,0.3.0,MIT,https://github.com/smithay/calloop-wayland-source
cast,0.3.0,MIT OR Apache-2.0,https://github.com/japaric/cast.rs
cc,1.2.62,MIT OR Apache-2.0,https://github.com/rust-lang/cc-rs
cesu8,1.1.0,Apache-2.0/MIT,https://github.com/emk/cesu8-rs
cexpr,0.6.0,Apache-2.0/MIT,https://github.com/jethrogb/rust-cexpr
cfg-if,1.0.4,MIT OR Apache-2.0,https://github.com/rust-lang/cfg-if
cfg_aliases,0.2.1,MIT,https://github.com/katharostech/cfg_aliases
chacha20,0.10.0,MIT OR Apache-2.0,https://github.com/RustCrypto/stream-ciphers
chrono,0.4.44,MIT OR Apache-2.0,https://github.com/chronotope/chrono
ciborium,0.2.2,Apache-2.0,https://github.com/enarx/ciborium
ciborium-io,0.2.2,Apache-2.0,https://github.com/enarx/ciborium
ciborium-ll,0.2.2,Apache-2.0,https://github.com/enarx/ciborium
clang-sys,1.8.1,Apache-2.0,https://github.com/KyleMayes/clang-sys
clap,4.6.1,MIT OR Apache-2.0,https://github.com/clap-rs/clap
clap_builder,4.6.0,MIT OR Apache-2.0,https://github.com/clap-rs/clap
clap_derive,4.6.1,MIT OR Apache-2.0,https://github.com/clap-rs/clap
clap_lex,1.1.0,MIT OR Apache-2.0,https://github.com/clap-rs/clap
clipboard-win,5.4.1,BSL-1.0,https://github.com/DoumanAsh/clipboard-win
codespan-reporting,0.12.0,Apache-2.0,https://github.com/brendanzab/codespan
colorchoice,1.0.5,MIT OR Apache-2.0,https://github.com/rust-cli/anstyle.git
combine,4.6.7,MIT,https://github.com/Marwes/combine
concurrent-queue,2.5.0,Apache-2.0 OR MIT,https://github.com/smol-rs/concurrent-queue
console_error_panic_hook,0.1.7,Apache-2.0/MIT,https://github.com/rustwasm/console_error_panic_hook
const-fnv1a-hash,1.1.0,MIT,https://github.com/HindrikStegenga/const-fnv1a-hash
const_panic,0.2.15,Zlib,https://github.com/rodrimati1992/const_panic/
const_soft_float,0.1.4,MIT OR Apache-2.0,https://github.com/823984418/const_soft_float
constant_time_eq,0.4.2,CC0-1.0 OR MIT-0 OR Apache-2.0,https://github.com/cesarb/constant_time_eq
constgebra,0.1.4,MIT OR Apache-2.0,https://github.com/knickish/constgebra
convert_case,0.10.0,MIT,https://github.com/rutrum/convert-case
core-foundation,0.10.1,MIT OR Apache-2.0,https://github.com/servo/core-foundation-rs
core-foundation,0.9.4,MIT OR Apache-2.0,https://github.com/servo/core-foundation-rs
core-foundation-sys,0.8.7,MIT OR Apache-2.0,https://github.com/servo/core-foundation-rs
core-graphics,0.23.2,MIT OR Apache-2.0,https://github.com/servo/core-foundation-rs
core-graphics-types,0.1.3,MIT OR Apache-2.0,https://github.com/servo/core-foundation-rs
core-graphics-types,0.2.0,MIT OR Apache-2.0,https://github.com/servo/core-foundation-rs
core_maths,0.1.1,MIT,https://github.com/robertbastian/core_maths
coreaudio-rs,0.11.3,MIT/Apache-2.0,https://github.com/RustAudio/coreaudio-rs.git
coreaudio-sys,0.2.17,MIT,https://github.com/RustAudio/coreaudio-sys.git
cosmic-text,0.16.0,MIT OR Apache-2.0,https://github.com/pop-os/cosmic-text
cpal,0.15.3,Apache-2.0,https://github.com/rustaudio/cpal
cpufeatures,0.2.17,MIT OR Apache-2.0,https://github.com/RustCrypto/utils
cpufeatures,0.3.0,MIT OR Apache-2.0,https://github.com/RustCrypto/utils
crc32fast,1.5.0,MIT OR Apache-2.0,https://github.com/srijs/rust-crc32fast
criterion,0.5.1,Apache-2.0 OR MIT,https://github.com/bheisler/criterion.rs
criterion-plot,0.5.0,MIT/Apache-2.0,https://github.com/bheisler/criterion.rs
critical-section,1.2.0,MIT OR Apache-2.0,https://github.com/rust-embedded/critical-section
crossbeam-channel,0.5.15,MIT OR Apache-2.0,https://github.com/crossbeam-rs/crossbeam
crossbeam-deque,0.8.6,MIT OR Apache-2.0,https://github.com/crossbeam-rs/crossbeam
crossbeam-epoch,0.9.20,MIT OR Apache-2.0,https://github.com/crossbeam-rs/crossbeam
crossbeam-queue,0.3.12,MIT OR Apache-2.0,https://github.com/crossbeam-rs/crossbeam
crossbeam-utils,0.8.21,MIT OR Apache-2.0,https://github.com/crossbeam-rs/crossbeam
crunchy,0.2.4,MIT,https://github.com/eira-fransham/crunchy
crypto-common,0.1.7,MIT OR Apache-2.0,https://github.com/RustCrypto/traits
ctrlc,3.5.2,MIT/Apache-2.0,https://github.com/Detegr/rust-ctrlc.git
cursor-icon,1.2.0,MIT OR Apache-2.0 OR Zlib,https://github.com/rust-windowing/cursor-icon
dasp_sample,0.11.0,MIT OR Apache-2.0,https://github.com/rustaudio/sample.git
data-encoding,2.11.0,MIT,https://github.com/ia0/data-encoding
delaunator,1.1.0,ISC,https://github.com/mourner/delaunator-rs
derive_arbitrary,1.4.2,MIT OR Apache-2.0,https://github.com/rust-fuzz/arbitrary
derive_more,2.1.1,MIT,https://github.com/JelteF/derive_more
derive_more-impl,2.1.1,MIT,https://github.com/JelteF/derive_more
digest,0.10.7,MIT OR Apache-2.0,https://github.com/RustCrypto/traits
dispatch,0.2.0,MIT,http://github.com/SSheldon/rust-dispatch
dispatch2,0.3.1,Zlib OR Apache-2.0 OR MIT,https://github.com/madsmtm/objc2
displaydoc,0.2.5,MIT OR Apache-2.0,https://github.com/yaahc/displaydoc
disqualified,1.0.0,MIT OR Apache-2.0,https://github.com/bevyengine/disqualified
dlib,0.5.3,MIT,https://github.com/elinorbgr/dlib
document-features,0.2.12,MIT OR Apache-2.0,https://github.com/slint-ui/document-features
downcast-rs,1.2.1,MIT/Apache-2.0,https://github.com/marcianx/downcast-rs
downcast-rs,2.0.2,MIT OR Apache-2.0,https://github.com/marcianx/downcast-rs
dpi,0.1.2,Apache-2.0 AND MIT,https://github.com/rust-windowing/winit
dyn-clone,1.0.20,MIT OR Apache-2.0,https://github.com/dtolnay/dyn-clone
dyn-eq,0.1.3,MPL-2.0,https://github.com/Rayzeq/dyn-eq
dyn-hash,1.0.0,MIT OR Apache-2.0,https://github.com/dtolnay/dyn-hash
earcutr,0.4.3,ISC,https://github.com/frewsxcv/earcutr/
ecolor,0.33.3,MIT OR Apache-2.0,https://github.com/emilk/egui
egui,0.33.3,MIT OR Apache-2.0,https://github.com/emilk/egui
either,1.15.0,MIT OR Apache-2.0,https://github.com/rayon-rs/either
emath,0.33.3,MIT OR Apache-2.0,https://github.com/emilk/egui/tree/main/crates/emath
ena,0.14.4,MIT OR Apache-2.0,https://github.com/rust-lang/ena
encase,0.12.0,MIT-0,https://github.com/teoxoy/encase
encase_derive,0.12.0,MIT-0,https://github.com/teoxoy/encase
encase_derive_impl,0.12.0,MIT-0,https://github.com/teoxoy/encase
encoding_rs,0.8.35,(Apache-2.0 OR MIT) AND BSD-3-Clause,https://github.com/hsivonen/encoding_rs
enumn,0.1.14,MIT OR Apache-2.0,https://github.com/dtolnay/enumn
epaint,0.33.3,MIT OR Apache-2.0,https://github.com/emilk/egui/tree/main/crates/epaint
epaint_default_fonts,0.33.3,(MIT OR Apache-2.0) AND OFL-1.1 AND Ubuntu-font-1.0,https://github.com/emilk/egui/tree/main/crates/epaint_default_fonts
equivalent,1.0.2,Apache-2.0 OR MIT,https://github.com/indexmap-rs/equivalent
erased-serde,0.4.10,MIT OR Apache-2.0,https://github.com/dtolnay/erased-serde
errno,0.3.14,MIT OR Apache-2.0,https://github.com/lambda-fairy/rust-errno
error-code,3.3.2,BSL-1.0,https://github.com/DoumanAsh/error-code
euclid,0.22.14,MIT OR Apache-2.0,https://github.com/servo/euclid
event-listener,5.4.1,Apache-2.0 OR MIT,https://github.com/smol-rs/event-listener
event-listener-strategy,0.5.4,Apache-2.0 OR MIT,https://github.com/smol-rs/event-listener-strategy
fast-surface-nets,0.2.1,MIT OR Apache-2.0,https://github.com/bonsairobo/fast-surface-nets-rs
fastrand,2.4.1,Apache-2.0 OR MIT,https://github.com/smol-rs/fastrand
fax,0.2.7,MIT,https://github.com/pdf-rs/fax
fdeflate,0.3.7,MIT OR Apache-2.0,https://github.com/image-rs/fdeflate
file-id,0.2.3,MIT OR Apache-2.0,https://github.com/notify-rs/notify.git
find-msvc-tools,0.1.9,MIT OR Apache-2.0,https://github.com/rust-lang/cc-rs
fixedbitset,0.5.7,MIT OR Apache-2.0,https://github.com/petgraph/fixedbitset
flate2,1.1.9,MIT OR Apache-2.0,https://github.com/rust-lang/flate2-rs
float_next_after,1.0.0,MIT,https://gitlab.com/bronsonbdevost/next_afterf
fnv,1.0.7,Apache-2.0 / MIT,https://github.com/servo/rust-fnv
foldhash,0.1.5,Zlib,https://github.com/orlp/foldhash
foldhash,0.2.0,Zlib,https://github.com/orlp/foldhash
font-types,0.10.1,MIT OR Apache-2.0,https://github.com/googlefonts/fontations
font-types,0.11.3,MIT OR Apache-2.0,https://github.com/googlefonts/fontations
fontconfig-parser,0.5.8,MIT,https://github.com/Riey/fontconfig-parser
fontdb,0.23.0,MIT,https://github.com/RazrFalcon/fontdb
foreign-types,0.5.0,MIT/Apache-2.0,https://github.com/sfackler/foreign-types
foreign-types-macros,0.2.3,MIT/Apache-2.0,https://github.com/sfackler/foreign-types
foreign-types-shared,0.3.1,MIT/Apache-2.0,https://github.com/sfackler/foreign-types
form_urlencoded,1.2.2,MIT OR Apache-2.0,https://github.com/servo/rust-url
fsevent-sys,4.1.0,MIT,https://github.com/octplane/fsevent-rust/tree/master/fsevent-sys
futures-channel,0.3.32,MIT OR Apache-2.0,https://github.com/rust-lang/futures-rs
futures-core,0.3.32,MIT OR Apache-2.0,https://github.com/rust-lang/futures-rs
futures-io,0.3.32,MIT OR Apache-2.0,https://github.com/rust-lang/futures-rs
futures-lite,2.6.1,Apache-2.0 OR MIT,https://github.com/smol-rs/futures-lite
futures-macro,0.3.32,MIT OR Apache-2.0,https://github.com/rust-lang/futures-rs
futures-task,0.3.32,MIT OR Apache-2.0,https://github.com/rust-lang/futures-rs
futures-util,0.3.32,MIT OR Apache-2.0,https://github.com/rust-lang/futures-rs
generic-array,0.14.7,MIT,https://github.com/fizyk20/generic-array.git
geo,0.32.0,MIT OR Apache-2.0,https://github.com/georust/geo
geo-types,0.7.20,MIT OR Apache-2.0,https://github.com/georust/geo
geographiclib-rs,0.2.7,MIT,https://github.com/georust/geographiclib-rs
gethostname,1.1.0,Apache-2.0,https://codeberg.org/swsnr/gethostname.rs.git
getrandom,0.2.17,MIT OR Apache-2.0,https://github.com/rust-random/getrandom
getrandom,0.3.4,MIT OR Apache-2.0,https://github.com/rust-random/getrandom
getrandom,0.4.2,MIT OR Apache-2.0,https://github.com/rust-random/getrandom
gilrs,0.11.1,Apache-2.0/MIT,https://gitlab.com/gilrs-project/gilrs
gilrs-core,0.6.7,Apache-2.0/MIT,https://gitlab.com/gilrs-project/gilrs
gl_generator,0.14.0,Apache-2.0,https://github.com/brendanzab/gl-rs/
glam,0.14.0,MIT OR Apache-2.0,https://github.com/bitshifter/glam-rs
glam,0.15.2,MIT OR Apache-2.0,https://github.com/bitshifter/glam-rs
glam,0.16.0,MIT OR Apache-2.0,https://github.com/bitshifter/glam-rs
glam,0.17.3,MIT OR Apache-2.0,https://github.com/bitshifter/glam-rs
glam,0.18.0,MIT OR Apache-2.0,https://github.com/bitshifter/glam-rs
glam,0.19.0,MIT OR Apache-2.0,https://github.com/bitshifter/glam-rs
glam,0.20.5,MIT OR Apache-2.0,https://github.com/bitshifter/glam-rs
glam,0.21.3,MIT OR Apache-2.0,https://github.com/bitshifter/glam-rs
glam,0.22.0,MIT OR Apache-2.0,https://github.com/bitshifter/glam-rs
glam,0.23.0,MIT OR Apache-2.0,https://github.com/bitshifter/glam-rs
glam,0.24.2,MIT OR Apache-2.0,https://github.com/bitshifter/glam-rs
glam,0.25.0,MIT OR Apache-2.0,https://github.com/bitshifter/glam-rs
glam,0.27.0,MIT OR Apache-2.0,https://github.com/bitshifter/glam-rs
glam,0.28.0,MIT OR Apache-2.0,https://github.com/bitshifter/glam-rs
glam,0.29.3,MIT OR Apache-2.0,https://github.com/bitshifter/glam-rs
glam,0.30.10,MIT OR Apache-2.0,https://github.com/bitshifter/glam-rs
glam,0.31.1,MIT OR Apache-2.0,https://github.com/bitshifter/glam-rs
glam,0.32.1,MIT OR Apache-2.0,https://github.com/bitshifter/glam-rs
glob,0.3.3,MIT OR Apache-2.0,https://github.com/rust-lang/glob
glow,0.16.0,MIT OR Apache-2.0 OR Zlib,https://github.com/grovesNL/glow
gltf,1.4.1,MIT OR Apache-2.0,https://github.com/gltf-rs/gltf
gltf-derive,1.4.1,MIT OR Apache-2.0,https://github.com/gltf-rs/gltf
gltf-json,1.4.1,MIT OR Apache-2.0,https://github.com/gltf-rs/gltf
glutin_wgl_sys,0.6.1,Apache-2.0,https://github.com/rust-windowing/glutin
gpu-alloc,0.6.0,MIT OR Apache-2.0,https://github.com/zakarumych/gpu-alloc
gpu-alloc-types,0.3.0,MIT OR Apache-2.0,https://github.com/zakarumych/gpu-alloc
gpu-allocator,0.27.0,MIT OR Apache-2.0,https://github.com/Traverse-Research/gpu-allocator
gpu-descriptor,0.3.2,MIT OR Apache-2.0,https://github.com/zakarumych/gpu-descriptor
gpu-descriptor-types,0.2.0,MIT OR Apache-2.0,https://github.com/zakarumych/gpu-descriptor
grid,1.0.1,MIT,https://github.com/becheran/grid
guillotiere,0.6.2,MIT/Apache-2.0,https://github.com/nical/guillotiere
half,2.7.1,MIT OR Apache-2.0,https://github.com/VoidStarKat/half-rs
harfrust,0.4.1,MIT,https://github.com/harfbuzz/harfrust
hash32,0.3.1,MIT OR Apache-2.0,https://github.com/japaric/hash32
hashbrown,0.15.5,MIT OR Apache-2.0,https://github.com/rust-lang/hashbrown
hashbrown,0.16.1,MIT OR Apache-2.0,https://github.com/rust-lang/hashbrown
hashbrown,0.17.1,MIT OR Apache-2.0,https://github.com/rust-lang/hashbrown
heapless,0.8.0,MIT OR Apache-2.0,https://github.com/rust-embedded/heapless
heapless,0.9.3,MIT OR Apache-2.0,https://github.com/rust-embedded/heapless
heck,0.5.0,MIT OR Apache-2.0,https://github.com/withoutboats/heck
hermit-abi,0.5.2,MIT OR Apache-2.0,https://github.com/hermit-os/hermit-rs
hexasphere,16.0.0,MIT OR Apache-2.0,https://github.com/OptimisticPeach/hexasphere.git
hexf-parse,0.2.1,CC0-1.0,https://github.com/lifthrasiir/hexf
hound,3.5.1,Apache-2.0,https://github.com/ruuda/hound
i_float,1.15.0,MIT,https://github.com/iShape-Rust/iFloat
i_key_sort,0.6.0,MIT,https://github.com/iShape-Rust/iKeySort
i_overlay,4.0.7,MIT,https://github.com/iShape-Rust/iOverlay
i_shape,1.14.0,MIT,https://github.com/iShape-Rust/iShape
i_tree,0.16.0,MIT,https://github.com/iShape-Rust/iTree
iana-time-zone,0.1.65,MIT OR Apache-2.0,https://github.com/strawlab/iana-time-zone
iana-time-zone-haiku,0.1.2,MIT OR Apache-2.0,https://github.com/strawlab/iana-time-zone
icu_collections,2.2.0,Unicode-3.0,https://github.com/unicode-org/icu4x
icu_locale_core,2.2.0,Unicode-3.0,https://github.com/unicode-org/icu4x
icu_normalizer,2.2.0,Unicode-3.0,https://github.com/unicode-org/icu4x
icu_normalizer_data,2.2.0,Unicode-3.0,https://github.com/unicode-org/icu4x
icu_properties,2.2.0,Unicode-3.0,https://github.com/unicode-org/icu4x
icu_properties_data,2.2.0,Unicode-3.0,https://github.com/unicode-org/icu4x
icu_provider,2.2.0,Unicode-3.0,https://github.com/unicode-org/icu4x
id-arena,2.3.0,MIT/Apache-2.0,https://github.com/fitzgen/id-arena
idna,1.1.0,MIT OR Apache-2.0,https://github.com/servo/rust-url/
idna_adapter,1.2.2,Apache-2.0 OR MIT,https://github.com/hsivonen/idna_adapter
image,0.25.10,MIT OR Apache-2.0,https://github.com/image-rs/image
image-webp,0.2.4,MIT OR Apache-2.0,https://github.com/image-rs/image-webp
indexmap,2.14.0,Apache-2.0 OR MIT,https://github.com/indexmap-rs/indexmap
inflections,1.1.1,MIT,https://docs.rs/inflections
inotify,0.11.1,ISC,https://github.com/hannobraun/inotify
inotify-sys,0.1.5,ISC,https://github.com/hannobraun/inotify-sys
inventory,0.3.24,MIT OR Apache-2.0,https://github.com/dtolnay/inventory
is-terminal,0.4.17,MIT,https://github.com/sunfishcode/is-terminal
is_terminal_polyfill,1.70.2,MIT OR Apache-2.0,https://github.com/polyfill-rs/is_terminal_polyfill
itertools,0.10.5,MIT/Apache-2.0,https://github.com/rust-itertools/itertools
itertools,0.11.0,MIT OR Apache-2.0,https://github.com/rust-itertools/itertools
itertools,0.13.0,MIT OR Apache-2.0,https://github.com/rust-itertools/itertools
itertools,0.14.0,MIT OR Apache-2.0,https://github.com/rust-itertools/itertools
itoa,1.0.18,MIT OR Apache-2.0,https://github.com/dtolnay/itoa
jni,0.21.1,MIT/Apache-2.0,https://github.com/jni-rs/jni-rs
jni,0.22.4,MIT OR Apache-2.0,https://github.com/jni-rs/jni-rs
jni-macros,0.22.4,MIT OR Apache-2.0,https://github.com/jni-rs/jni-rs
jni-sys,0.3.1,MIT OR Apache-2.0,https://github.com/jni-rs/jni-sys
jni-sys,0.4.1,MIT OR Apache-2.0,https://github.com/jni-rs/jni-sys
jni-sys-macros,0.4.1,MIT OR Apache-2.0,https://github.com/jni-rs/jni-sys
jobserver,0.1.34,MIT OR Apache-2.0,https://github.com/rust-lang/jobserver-rs
js-sys,0.3.98,MIT OR Apache-2.0,https://github.com/wasm-bindgen/wasm-bindgen/tree/master/crates/js-sys
khronos-egl,6.0.0,MIT/Apache-2.0,https://github.com/timothee-haudebourg/khronos-egl
khronos_api,3.1.0,Apache-2.0,https://github.com/brendanzab/gl-rs/
kira,0.10.8,MIT OR Apache-2.0,https://github.com/tesselode/kira
kqueue,1.2.1,MIT,https://gitlab.com/rust-kqueue/rust-kqueue
kqueue-sys,1.1.2,MIT,https://gitlab.com/rust-kqueue/rust-kqueue-sys
ktx2,0.4.0,Apache-2.0,https://github.com/BVE-Reborn/ktx2
lazy_static,1.5.0,MIT OR Apache-2.0,https://github.com/rust-lang-nursery/lazy-static.rs
leafwing-input-manager,0.20.0,MIT OR Apache-2.0,https://github.com/leafwing-studios/leafwing-input-manager
leafwing_input_manager_macros,0.17.0,MIT OR Apache-2.0,https://github.com/leafwing-studios/leafwing-input-manager
leb128fmt,0.1.0,MIT OR Apache-2.0,https://github.com/bluk/leb128fmt
lewton,0.10.2,MIT OR Apache-2.0,https://github.com/RustAudio/lewton
libc,0.2.186,MIT OR Apache-2.0,https://github.com/rust-lang/libc
libloading,0.8.9,ISC,https://github.com/nagisa/rust_libloading/
libm,0.2.16,MIT,https://github.com/rust-lang/compiler-builtins
libredox,0.1.16,MIT,https://gitlab.redox-os.org/redox-os/libredox.git
libudev-sys,0.1.4,MIT,https://github.com/dcuddeback/libudev-sys
linebender_resource_handle,0.1.1,Apache-2.0 OR MIT,https://github.com/linebender/raw_resource_handle
linux-raw-sys,0.12.1,Apache-2.0 WITH LLVM-exception OR Apache-2.0 OR MIT,https://github.com/sunfishcode/linux-raw-sys
linux-raw-sys,0.4.15,Apache-2.0 WITH LLVM-exception OR Apache-2.0 OR MIT,https://github.com/sunfishcode/linux-raw-sys
litemap,0.8.2,Unicode-3.0,https://github.com/unicode-org/icu4x
litrs,1.0.0,MIT OR Apache-2.0,https://github.com/LukasKalbertodt/litrs
lock_api,0.4.14,MIT OR Apache-2.0,https://github.com/Amanieu/parking_lot
log,0.4.29,MIT OR Apache-2.0,https://github.com/rust-lang/log
mach2,0.4.3,BSD-2-Clause OR MIT OR Apache-2.0,https://github.com/JohnTitor/mach2
malloc_buf,0.0.6,MIT,https://github.com/SSheldon/malloc_buf
matchers,0.2.0,MIT,https://github.com/hawkw/matchers
matrixmultiply,0.3.10,MIT/Apache-2.0,https://github.com/bluss/matrixmultiply/
memchr,2.8.0,Unlicense OR MIT,https://github.com/BurntSushi/memchr
memmap2,0.9.10,MIT OR Apache-2.0,https://github.com/RazrFalcon/memmap2-rs
metal,0.32.0,MIT OR Apache-2.0,https://github.com/gfx-rs/metal-rs
minimal-lexical,0.2.1,MIT/Apache-2.0,https://github.com/Alexhuszagh/minimal-lexical
miniz_oxide,0.8.9,MIT OR Zlib OR Apache-2.0,https://github.com/Frommi/miniz_oxide/tree/master/miniz_oxide
mint,0.5.9,MIT,https://github.com/kvark/mint
mio,1.2.2,MIT,https://github.com/tokio-rs/mio
moxcms,0.8.1,BSD-3-Clause OR Apache-2.0,https://github.com/awxkee/moxcms.git
naga,27.0.3,MIT OR Apache-2.0,https://github.com/gfx-rs/wgpu
naga_oil,0.20.0,MIT OR Apache-2.0,https://github.com/bevyengine/naga_oil/
nalgebra,0.34.2,Apache-2.0,https://github.com/dimforge/nalgebra
nalgebra-macros,0.3.0,Apache-2.0,https://github.com/dimforge/nalgebra
ndk,0.8.0,MIT OR Apache-2.0,https://github.com/rust-mobile/ndk
ndk,0.9.0,MIT OR Apache-2.0,https://github.com/rust-mobile/ndk
ndk-context,0.1.1,MIT OR Apache-2.0,https://github.com/rust-windowing/android-ndk-rs
ndk-sys,0.5.0+25.2.9519653,MIT OR Apache-2.0,https://github.com/rust-mobile/ndk
ndk-sys,0.6.0+11769913,MIT OR Apache-2.0,https://github.com/rust-mobile/ndk
ndshape,0.3.0,MIT OR Apache-2.0,https://github.com/bonsairobo/ndshape-rs
nix,0.30.1,MIT,https://github.com/nix-rust/nix
nix,0.31.3,MIT,https://github.com/nix-rust/nix
nohash-hasher,0.2.0,Apache-2.0 OR MIT,https://github.com/paritytech/nohash-hasher
noise,0.9.0,Apache-2.0/MIT,https://github.com/razaekel/noise-rs
nom,7.1.3,MIT,https://github.com/Geal/nom
nonmax,0.5.5,MIT OR Apache-2.0,https://github.com/LPGhatguy/nonmax
notify,8.2.0,CC0-1.0,https://github.com/notify-rs/notify.git
notify-debouncer-full,0.6.0,MIT OR Apache-2.0,https://github.com/notify-rs/notify.git
notify-types,2.1.0,MIT OR Apache-2.0,https://github.com/notify-rs/notify.git
ntapi,0.4.3,Apache-2.0 OR MIT,https://github.com/MSxDOS/ntapi
nu-ansi-term,0.50.3,MIT,https://github.com/nushell/nu-ansi-term
num-bigint,0.4.6,MIT OR Apache-2.0,https://github.com/rust-num/num-bigint
num-complex,0.4.6,MIT OR Apache-2.0,https://github.com/rust-num/num-complex
num-derive,0.4.2,MIT OR Apache-2.0,https://github.com/rust-num/num-derive
num-integer,0.1.46,MIT OR Apache-2.0,https://github.com/rust-num/num-integer
num-rational,0.4.2,MIT OR Apache-2.0,https://github.com/rust-num/num-rational
num-traits,0.2.19,MIT OR Apache-2.0,https://github.com/rust-num/num-traits
num_enum,0.7.6,BSD-3-Clause OR MIT OR Apache-2.0,https://github.com/illicitonion/num_enum
num_enum_derive,0.7.6,BSD-3-Clause OR MIT OR Apache-2.0,https://github.com/illicitonion/num_enum
objc,0.2.7,MIT,http://github.com/SSheldon/rust-objc
objc-sys,0.3.5,MIT,https://github.com/madsmtm/objc2
objc2,0.5.2,MIT,https://github.com/madsmtm/objc2
objc2,0.6.4,MIT,https://github.com/madsmtm/objc2
objc2-app-kit,0.2.2,MIT,https://github.com/madsmtm/objc2
objc2-app-kit,0.3.2,Zlib OR Apache-2.0 OR MIT,https://github.com/madsmtm/objc2
objc2-cloud-kit,0.2.2,MIT,https://github.com/madsmtm/objc2
objc2-contacts,0.2.2,MIT,https://github.com/madsmtm/objc2
objc2-core-data,0.2.2,MIT,https://github.com/madsmtm/objc2
objc2-core-foundation,0.3.2,Zlib OR Apache-2.0 OR MIT,https://github.com/madsmtm/objc2
objc2-core-graphics,0.3.2,Zlib OR Apache-2.0 OR MIT,https://github.com/madsmtm/objc2
objc2-core-image,0.2.2,MIT,https://github.com/madsmtm/objc2
objc2-core-location,0.2.2,MIT,https://github.com/madsmtm/objc2
objc2-encode,4.1.0,MIT,https://github.com/madsmtm/objc2
objc2-foundation,0.2.2,MIT,https://github.com/madsmtm/objc2
objc2-foundation,0.3.2,MIT,https://github.com/madsmtm/objc2
objc2-io-kit,0.3.2,Zlib OR Apache-2.0 OR MIT,https://github.com/madsmtm/objc2
objc2-io-surface,0.3.2,Zlib OR Apache-2.0 OR MIT,https://github.com/madsmtm/objc2
objc2-link-presentation,0.2.2,MIT,https://github.com/madsmtm/objc2
objc2-metal,0.2.2,MIT,https://github.com/madsmtm/objc2
objc2-quartz-core,0.2.2,MIT,https://github.com/madsmtm/objc2
objc2-symbols,0.2.2,MIT,https://github.com/madsmtm/objc2
objc2-ui-kit,0.2.2,MIT,https://github.com/madsmtm/objc2
objc2-uniform-type-identifiers,0.2.2,MIT,https://github.com/madsmtm/objc2
objc2-user-notifications,0.2.2,MIT,https://github.com/madsmtm/objc2
oboe,0.6.1,Apache-2.0,https://github.com/katyo/oboe-rs
oboe-sys,0.6.1,Apache-2.0,https://github.com/katyo/oboe-rs
offset-allocator,0.2.0,MIT,https://github.com/pcwalton/offset-allocator/
ogg,0.8.0,BSD-3-Clause,https://github.com/RustAudio/ogg
once_cell,1.21.4,MIT OR Apache-2.0,https://github.com/matklad/once_cell
once_cell_polyfill,1.70.2,MIT OR Apache-2.0,https://github.com/polyfill-rs/once_cell_polyfill
oorandom,11.1.5,MIT,https://hg.sr.ht/~icefox/oorandom
orbclient,0.3.54,MIT,https://gitlab.redox-os.org/redox-os/orbclient
ordered-float,5.3.0,MIT,https://github.com/reem/rust-ordered-float
owned_ttf_parser,0.25.1,Apache-2.0,https://github.com/alexheretic/owned-ttf-parser
parking,2.2.1,Apache-2.0 OR MIT,https://github.com/smol-rs/parking
parking_lot,0.12.5,MIT OR Apache-2.0,https://github.com/Amanieu/parking_lot
parking_lot_core,0.9.12,MIT OR Apache-2.0,https://github.com/Amanieu/parking_lot
parry3d,0.25.3,Apache-2.0,https://github.com/dimforge/parry
paste,1.0.15,MIT OR Apache-2.0,https://github.com/dtolnay/paste
percent-encoding,2.3.2,MIT OR Apache-2.0,https://github.com/servo/rust-url/
petgraph,0.8.3,MIT OR Apache-2.0,https://github.com/petgraph/petgraph
pin-project,1.1.13,Apache-2.0 OR MIT,https://github.com/taiki-e/pin-project
pin-project-internal,1.1.13,Apache-2.0 OR MIT,https://github.com/taiki-e/pin-project
pin-project-lite,0.2.17,Apache-2.0 OR MIT,https://github.com/taiki-e/pin-project-lite
piper,0.2.5,MIT OR Apache-2.0,https://github.com/smol-rs/piper
pkg-config,0.3.33,MIT OR Apache-2.0,https://github.com/rust-lang/pkg-config-rs
plain,0.2.3,MIT/Apache-2.0,https://github.com/randomites/plain
png,0.18.1,MIT OR Apache-2.0,https://github.com/image-rs/image-png
polling,3.11.0,Apache-2.0 OR MIT,https://github.com/smol-rs/polling
polyanya,0.16.1,MIT OR Apache-2.0,https://github.com/vleue/polyanya
portable-atomic,1.13.1,Apache-2.0 OR MIT,https://github.com/taiki-e/portable-atomic
portable-atomic-util,0.2.7,Apache-2.0 OR MIT,https://github.com/taiki-e/portable-atomic-util
potential_utf,0.1.5,Unicode-3.0,https://github.com/unicode-org/icu4x
pp-rs,0.2.1,BSD-3-Clause,https://github.com/Kangz/glslpp-rs
ppv-lite86,0.2.21,MIT OR Apache-2.0,https://github.com/cryptocorrosion/cryptocorrosion
presser,0.3.1,MIT OR Apache-2.0,https://github.com/EmbarkStudios/presser
prettyplease,0.2.37,MIT OR Apache-2.0,https://github.com/dtolnay/prettyplease
proc-macro-crate,3.5.0,MIT OR Apache-2.0,https://github.com/bkchr/proc-macro-crate
proc-macro2,1.0.106,MIT OR Apache-2.0,https://github.com/dtolnay/proc-macro2
profiling,1.0.18,MIT OR Apache-2.0,https://github.com/aclysma/profiling
profiling-procmacros,1.0.18,MIT OR Apache-2.0,https://github.com/aclysma/profiling
proptest,1.11.0,MIT OR Apache-2.0,https://github.com/proptest-rs/proptest
pxfm,0.1.29,BSD-3-Clause OR Apache-2.0,https://github.com/awxkee/pxfm
quick-error,1.2.3,MIT/Apache-2.0,http://github.com/tailhook/quick-error
quick-error,2.0.1,MIT/Apache-2.0,http://github.com/tailhook/quick-error
quick-xml,0.39.4,MIT,https://github.com/tafia/quick-xml
quote,1.0.45,MIT OR Apache-2.0,https://github.com/dtolnay/quote
r-efi,5.3.0,MIT OR Apache-2.0 OR LGPL-2.1-or-later,https://github.com/r-efi/r-efi
r-efi,6.0.0,MIT OR Apache-2.0 OR LGPL-2.1-or-later,https://github.com/r-efi/r-efi
radsort,0.1.1,MIT OR Apache-2.0,https://github.com/jakubvaltar/radsort
rand,0.10.1,MIT OR Apache-2.0,https://github.com/rust-random/rand
rand,0.8.6,MIT OR Apache-2.0,https://github.com/rust-random/rand
rand,0.9.4,MIT OR Apache-2.0,https://github.com/rust-random/rand
rand_chacha,0.3.1,MIT OR Apache-2.0,https://github.com/rust-random/rand
rand_chacha,0.9.0,MIT OR Apache-2.0,https://github.com/rust-random/rand
rand_core,0.10.1,MIT OR Apache-2.0,https://github.com/rust-random/rand_core
rand_core,0.6.4,MIT OR Apache-2.0,https://github.com/rust-random/rand
rand_core,0.9.5,MIT OR Apache-2.0,https://github.com/rust-random/rand
rand_distr,0.5.1,MIT OR Apache-2.0,https://github.com/rust-random/rand_distr
rand_pcg,0.9.0,MIT OR Apache-2.0,https://github.com/rust-random/rand
rand_xorshift,0.3.0,MIT OR Apache-2.0,https://github.com/rust-random/rngs
rand_xorshift,0.4.0,MIT OR Apache-2.0,https://github.com/rust-random/rngs
rand_xoshiro,0.7.0,MIT OR Apache-2.0,https://github.com/rust-random/rngs
range-alloc,0.1.5,MIT OR Apache-2.0,https://github.com/gfx-rs/range-alloc
rangemap,1.7.1,MIT/Apache-2.0,https://github.com/jeffparsons/rangemap
rapier3d,0.31.0,Apache-2.0,https://github.com/dimforge/rapier
raw-window-handle,0.6.2,MIT OR Apache-2.0 OR Zlib,https://github.com/rust-windowing/raw-window-handle
rawpointer,0.2.1,MIT/Apache-2.0,https://github.com/bluss/rawpointer/
rayon,1.12.0,MIT OR Apache-2.0,https://github.com/rayon-rs/rayon
rayon-core,1.13.0,MIT OR Apache-2.0,https://github.com/rayon-rs/rayon
read-fonts,0.36.0,MIT OR Apache-2.0,https://github.com/googlefonts/fontations
read-fonts,0.37.0,MIT OR Apache-2.0,https://github.com/googlefonts/fontations
rectangle-pack,0.4.2,MIT/Apache-2.0,https://github.com/chinedufn/rectangle-pack
redox_syscall,0.4.1,MIT,https://gitlab.redox-os.org/redox-os/syscall
redox_syscall,0.5.18,MIT,https://gitlab.redox-os.org/redox-os/syscall
redox_syscall,0.7.5,MIT,https://gitlab.redox-os.org/redox-os/syscall
regex,1.12.3,MIT OR Apache-2.0,https://github.com/rust-lang/regex
regex-automata,0.4.14,MIT OR Apache-2.0,https://github.com/rust-lang/regex
regex-syntax,0.8.10,MIT OR Apache-2.0,https://github.com/rust-lang/regex
renderdoc-sys,1.1.0,MIT OR Apache-2.0,https://github.com/ebkalderon/renderdoc-rs
rerecast,0.3.2,MIT OR Apache-2.0,https://github.com/janhohenheim/rerecast
ring,0.17.14,Apache-2.0 AND ISC,https://github.com/briansmith/ring
robust,1.2.0,MIT OR Apache-2.0,https://github.com/georust/robust
rodio,0.20.1,MIT OR Apache-2.0,https://github.com/RustAudio/rodio
ron,0.12.1,MIT OR Apache-2.0,https://github.com/ron-rs/ron
ron,0.8.1,MIT OR Apache-2.0,https://github.com/ron-rs/ron
roxmltree,0.20.0,MIT OR Apache-2.0,https://github.com/RazrFalcon/roxmltree
rstar,0.12.2,MIT OR Apache-2.0,https://github.com/georust/rstar
rtrb,0.3.4,MIT OR Apache-2.0,https://github.com/mgeier/rtrb
rustc-hash,1.1.0,Apache-2.0/MIT,https://github.com/rust-lang-nursery/rustc-hash
rustc-hash,2.1.2,Apache-2.0 OR MIT,https://github.com/rust-lang/rustc-hash
rustc_version,0.4.1,MIT OR Apache-2.0,https://github.com/djc/rustc-version-rs
rustix,0.38.44,Apache-2.0 WITH LLVM-exception OR Apache-2.0 OR MIT,https://github.com/bytecodealliance/rustix
rustix,1.1.4,Apache-2.0 WITH LLVM-exception OR Apache-2.0 OR MIT,https://github.com/bytecodealliance/rustix
rustls,0.23.40,Apache-2.0 OR ISC OR MIT,https://github.com/rustls/rustls
rustls-pki-types,1.14.1,MIT OR Apache-2.0,https://github.com/rustls/pki-types
rustls-webpki,0.103.13,ISC,https://github.com/rustls/webpki
rustversion,1.0.22,MIT OR Apache-2.0,https://github.com/dtolnay/rustversion
rusty-fork,0.3.1,MIT/Apache-2.0,https://github.com/altsysrq/rusty-fork
ruzstd,0.8.3,MIT,https://github.com/KillingSpark/zstd-rs
safe_arch,0.7.4,Zlib OR Apache-2.0 OR MIT,https://github.com/Lokathor/safe_arch
same-file,1.0.6,Unlicense/MIT,https://github.com/BurntSushi/same-file
scoped-tls,1.0.1,MIT/Apache-2.0,https://github.com/alexcrichton/scoped-tls
scopeguard,1.2.0,MIT OR Apache-2.0,https://github.com/bluss/scopeguard
sctk-adwaita,0.10.1,MIT,https://github.com/PolyMeilex/sctk-adwaita
self_cell,1.2.2,Apache-2.0 OR GPL-2.0-only,https://github.com/Voultapher/self_cell
semver,1.0.28,MIT OR Apache-2.0,https://github.com/dtolnay/semver
send_wrapper,0.6.0,MIT/Apache-2.0,https://github.com/thk1/send_wrapper
serde,1.0.228,MIT OR Apache-2.0,https://github.com/serde-rs/serde
serde_core,1.0.228,MIT OR Apache-2.0,https://github.com/serde-rs/serde
serde_derive,1.0.228,MIT OR Apache-2.0,https://github.com/serde-rs/serde
serde_flexitos,0.2.2,Apache-2.0,https://github.com/Gohla/serde_flexitos
serde_json,1.0.149,MIT OR Apache-2.0,https://github.com/serde-rs/json
serde_spanned,0.6.9,MIT OR Apache-2.0,https://github.com/toml-rs/toml
sha2,0.10.9,MIT OR Apache-2.0,https://github.com/RustCrypto/hashes
sharded-slab,0.1.7,MIT,https://github.com/hawkw/sharded-slab
shlex,1.3.0,MIT OR Apache-2.0,https://github.com/comex/rust-shlex
sif-itree,0.4.1,MIT OR Apache-2.0,https://codeberg.org/adamreichold/sif-itree
simba,0.9.1,Apache-2.0,https://github.com/dimforge/simba
simd-adler32,0.3.9,MIT,https://github.com/mcountryman/simd-adler32
simd_cesu8,1.1.1,Apache-2.0 OR MIT,https://github.com/seancroach/simd_cesu8
simdutf8,0.1.5,MIT OR Apache-2.0,https://github.com/rusticstuff/simdutf8
skrifa,0.39.0,MIT OR Apache-2.0,https://github.com/googlefonts/fontations
skrifa,0.40.0,MIT OR Apache-2.0,https://github.com/googlefonts/fontations
slab,0.4.12,MIT,https://github.com/tokio-rs/slab
slotmap,1.1.1,Zlib,https://github.com/orlp/slotmap
smallvec,1.15.1,MIT OR Apache-2.0,https://github.com/servo/rust-smallvec
smithay-client-toolkit,0.19.2,MIT,https://github.com/smithay/client-toolkit
smol_str,0.2.2,MIT OR Apache-2.0,https://github.com/rust-analyzer/smol_str
spade,2.15.1,MIT OR Apache-2.0,https://github.com/Stoeoef/spade
spin,0.10.1,MIT,https://github.com/mvdnes/spin-rs.git
spirv,0.3.0+sdk-1.3.268.0,Apache-2.0,https://github.com/gfx-rs/rspirv
stable_deref_trait,1.2.1,MIT OR Apache-2.0,https://github.com/storyyeller/stable_deref_trait
stackfuture,0.3.1,MIT,https://github.com/microsoft/stackfuture
static_assertions,1.1.0,MIT OR Apache-2.0,https://github.com/nvzqz/static-assertions-rs
strict-num,0.1.1,MIT,https://github.com/RazrFalcon/strict-num
strsim,0.11.1,MIT,https://github.com/rapidfuzz/strsim-rs
subtle,2.6.1,BSD-3-Clause,https://github.com/dalek-cryptography/subtle
svg_fmt,0.4.5,MIT/Apache-2.0,https://github.com/nical/rust_debug
swash,0.2.7,Apache-2.0 OR MIT,https://github.com/dfrg/swash
symphonia,0.5.5,MPL-2.0,https://github.com/pdeljanov/Symphonia
symphonia-bundle-mp3,0.5.5,MPL-2.0,https://github.com/pdeljanov/Symphonia
symphonia-codec-vorbis,0.5.5,MPL-2.0,https://github.com/pdeljanov/Symphonia
symphonia-core,0.5.5,MPL-2.0,https://github.com/pdeljanov/Symphonia
symphonia-format-ogg,0.5.5,MPL-2.0,https://github.com/pdeljanov/Symphonia
symphonia-metadata,0.5.5,MPL-2.0,https://github.com/pdeljanov/Symphonia
symphonia-utils-xiph,0.5.5,MPL-2.0,https://github.com/pdeljanov/Symphonia
syn,2.0.117,MIT OR Apache-2.0,https://github.com/dtolnay/syn
syn,3.0.3,MIT OR Apache-2.0,https://github.com/dtolnay/syn
synstructure,0.13.2,MIT,https://github.com/mystor/synstructure
sys-locale,0.3.2,MIT OR Apache-2.0,https://github.com/1Password/sys-locale
sysinfo,0.32.1,MIT,https://github.com/GuillaumeGomez/sysinfo
sysinfo,0.37.2,MIT,https://github.com/GuillaumeGomez/sysinfo
taffy,0.9.2,MIT,https://github.com/DioxusLabs/taffy
tempfile,3.27.0,MIT OR Apache-2.0,https://github.com/Stebalien/tempfile
termcolor,1.4.1,Unlicense OR MIT,https://github.com/BurntSushi/termcolor
thiserror,1.0.69,MIT OR Apache-2.0,https://github.com/dtolnay/thiserror
thiserror,2.0.20,MIT OR Apache-2.0,https://github.com/dtolnay/thiserror
thiserror-impl,1.0.69,MIT OR Apache-2.0,https://github.com/dtolnay/thiserror
thiserror-impl,2.0.20,MIT OR Apache-2.0,https://github.com/dtolnay/thiserror
thread_local,1.1.9,MIT OR Apache-2.0,https://github.com/Amanieu/thread_local-rs
tiff,0.11.3,MIT,https://github.com/image-rs/image-tiff
tiny-skia,0.11.4,BSD-3-Clause,https://github.com/RazrFalcon/tiny-skia
tiny-skia-path,0.11.4,BSD-3-Clause,https://github.com/RazrFalcon/tiny-skia/tree/master/path
tinystr,0.8.3,Unicode-3.0,https://github.com/unicode-org/icu4x
tinytemplate,1.2.1,Apache-2.0 OR MIT,https://github.com/bheisler/TinyTemplate
tinyvec,1.11.0,Zlib OR Apache-2.0 OR MIT,https://github.com/Lokathor/tinyvec
tinyvec_macros,0.1.1,MIT OR Apache-2.0 OR Zlib,https://github.com/Soveu/tinyvec_macros
toml,0.8.23,MIT OR Apache-2.0,https://github.com/toml-rs/toml
toml_datetime,0.6.11,MIT OR Apache-2.0,https://github.com/toml-rs/toml
toml_datetime,0.7.5+spec-1.1.0,MIT OR Apache-2.0,https://github.com/toml-rs/toml
toml_datetime,1.1.1+spec-1.1.0,MIT OR Apache-2.0,https://github.com/toml-rs/toml
toml_edit,0.22.27,MIT OR Apache-2.0,https://github.com/toml-rs/toml
toml_edit,0.23.10+spec-1.0.0,MIT OR Apache-2.0,https://github.com/toml-rs/toml
toml_edit,0.25.11+spec-1.1.0,MIT OR Apache-2.0,https://github.com/toml-rs/toml
toml_parser,1.1.2+spec-1.1.0,MIT OR Apache-2.0,https://github.com/toml-rs/toml
toml_write,0.1.2,MIT OR Apache-2.0,https://github.com/toml-rs/toml
tracing,0.1.44,MIT,https://github.com/tokio-rs/tracing
tracing-attributes,0.1.31,MIT,https://github.com/tokio-rs/tracing
tracing-core,0.1.36,MIT,https://github.com/tokio-rs/tracing
tracing-log,0.2.0,MIT,https://github.com/tokio-rs/tracing
tracing-oslog,0.3.0,Zlib,https://github.com/Absolucy/tracing-oslog
tracing-subscriber,0.3.23,MIT,https://github.com/tokio-rs/tracing
tracing-wasm,0.2.1,MIT OR Apache-2.0,https://github.com/storyai/tracing-wasm
triple_buffer,8.1.1,MPL-2.0,https://github.com/HadrienG2/triple-buffer
ttf-parser,0.25.1,MIT OR Apache-2.0,https://github.com/harfbuzz/ttf-parser
twox-hash,2.1.2,MIT,https://github.com/shepmaster/twox-hash
typeid,1.0.3,MIT OR Apache-2.0,https://github.com/dtolnay/typeid
typenum,1.20.0,MIT OR Apache-2.0,https://github.com/paholg/typenum
typewit,1.15.2,Zlib,https://github.com/rodrimati1992/typewit/
ulid,1.2.1,MIT,https://github.com/dylanhart/ulid-rs
unarray,0.1.4,MIT OR Apache-2.0,https://github.com/cameron1024/unarray
unicode-bidi,0.3.18,MIT OR Apache-2.0,https://github.com/servo/unicode-bidi
unicode-ident,1.0.24,(MIT OR Apache-2.0) AND Unicode-3.0,https://github.com/dtolnay/unicode-ident
unicode-linebreak,0.1.5,Apache-2.0,https://github.com/axelf4/unicode-linebreak
unicode-script,0.5.8,MIT OR Apache-2.0,https://github.com/unicode-rs/unicode-script
unicode-segmentation,1.12.0,MIT OR Apache-2.0,https://github.com/unicode-rs/unicode-segmentation
unicode-width,0.2.2,MIT OR Apache-2.0,https://github.com/unicode-rs/unicode-width
unicode-xid,0.2.6,MIT OR Apache-2.0,https://github.com/unicode-rs/unicode-xid
untrusted,0.9.0,ISC,https://github.com/briansmith/untrusted
ureq,2.12.1,MIT OR Apache-2.0,https://github.com/algesten/ureq
url,2.5.8,MIT OR Apache-2.0,https://github.com/servo/rust-url
utf8_iter,1.0.4,Apache-2.0 OR MIT,https://github.com/hsivonen/utf8_iter
utf8parse,0.2.2,Apache-2.0 OR MIT,https://github.com/alacritty/vte
uuid,1.23.1,Apache-2.0 OR MIT,https://github.com/uuid-rs/uuid
valuable,0.1.1,MIT,https://github.com/tokio-rs/valuable
variadics_please,1.1.0,MIT OR Apache-2.0,https://github.com/bevyengine/variadics_please
vec_map,0.8.2,MIT/Apache-2.0,https://github.com/contain-rs/vec-map
version_check,0.9.5,MIT/Apache-2.0,https://github.com/SergioBenitez/version_check
vleue_navigator,0.15.0,MIT OR Apache-2.0,https://github.com/vleue/vleue_navigator
voronoice,0.2.0,MIT,https://github.com/andreesteve/voronoice
wait-timeout,0.2.1,MIT/Apache-2.0,https://github.com/alexcrichton/wait-timeout
walkdir,2.5.0,Unlicense/MIT,https://github.com/BurntSushi/walkdir
wasi,0.11.1+wasi-snapshot-preview1,Apache-2.0 WITH LLVM-exception OR Apache-2.0 OR MIT,https://github.com/bytecodealliance/wasi
wasip2,1.0.3+wasi-0.2.9,Apache-2.0 WITH LLVM-exception OR Apache-2.0 OR MIT,https://github.com/bytecodealliance/wasi-rs
wasip3,0.4.0+wasi-0.3.0-rc-2026-01-06,Apache-2.0 WITH LLVM-exception OR Apache-2.0 OR MIT,https://github.com/bytecodealliance/wasi-rs
wasm-bindgen,0.2.121,MIT OR Apache-2.0,https://github.com/wasm-bindgen/wasm-bindgen
wasm-bindgen-futures,0.4.71,MIT OR Apache-2.0,https://github.com/wasm-bindgen/wasm-bindgen/tree/master/crates/futures
wasm-bindgen-macro,0.2.121,MIT OR Apache-2.0,https://github.com/wasm-bindgen/wasm-bindgen/tree/master/crates/macro
wasm-bindgen-macro-support,0.2.121,MIT OR Apache-2.0,https://github.com/wasm-bindgen/wasm-bindgen/tree/master/crates/macro-support
wasm-bindgen-shared,0.2.121,MIT OR Apache-2.0,https://github.com/wasm-bindgen/wasm-bindgen/tree/master/crates/shared
wasm-encoder,0.244.0,Apache-2.0 WITH LLVM-exception OR Apache-2.0 OR MIT,https://github.com/bytecodealliance/wasm-tools/tree/main/crates/wasm-encoder
wasm-metadata,0.244.0,Apache-2.0 WITH LLVM-exception OR Apache-2.0 OR MIT,https://github.com/bytecodealliance/wasm-tools/tree/main/crates/wasm-metadata
wasmparser,0.244.0,Apache-2.0 WITH LLVM-exception OR Apache-2.0 OR MIT,https://github.com/bytecodealliance/wasm-tools/tree/main/crates/wasmparser
wayland-backend,0.3.15,MIT,https://github.com/smithay/wayland-rs
wayland-client,0.31.14,MIT,https://github.com/smithay/wayland-rs
wayland-csd-frame,0.3.0,MIT,https://github.com/rust-windowing/wayland-csd-frame
wayland-cursor,0.31.14,MIT,https://github.com/smithay/wayland-rs
wayland-protocols,0.32.12,MIT,https://github.com/smithay/wayland-rs
wayland-protocols-plasma,0.3.12,MIT,https://github.com/smithay/wayland-rs
wayland-protocols-wlr,0.3.12,MIT,https://github.com/smithay/wayland-rs
wayland-scanner,0.31.10,MIT,https://github.com/smithay/wayland-rs
wayland-sys,0.31.11,MIT,https://github.com/smithay/wayland-rs
web-sys,0.3.98,MIT OR Apache-2.0,https://github.com/wasm-bindgen/wasm-bindgen/tree/master/crates/web-sys
web-time,1.1.0,MIT OR Apache-2.0,https://github.com/daxpedda/web-time
webbrowser,1.2.1,MIT OR Apache-2.0,https://github.com/amodm/webbrowser-rs
webpki-roots,0.26.11,CDLA-Permissive-2.0,https://github.com/rustls/webpki-roots
webpki-roots,1.0.7,CDLA-Permissive-2.0,https://github.com/rustls/webpki-roots
weezl,0.1.12,MIT OR Apache-2.0,https://github.com/image-rs/weezl
wgpu,27.0.1,MIT OR Apache-2.0,https://github.com/gfx-rs/wgpu
wgpu-core,27.0.3,MIT OR Apache-2.0,https://github.com/gfx-rs/wgpu
wgpu-core-deps-apple,27.0.0,MIT OR Apache-2.0,https://github.com/gfx-rs/wgpu
wgpu-core-deps-wasm,27.0.0,MIT OR Apache-2.0,https://github.com/gfx-rs/wgpu
wgpu-core-deps-windows-linux-android,27.0.0,MIT OR Apache-2.0,https://github.com/gfx-rs/wgpu
wgpu-hal,27.0.4,MIT OR Apache-2.0,https://github.com/gfx-rs/wgpu
wgpu-types,27.0.1,MIT OR Apache-2.0,https://github.com/gfx-rs/wgpu
wide,0.7.33,Zlib OR Apache-2.0 OR MIT,https://github.com/Lokathor/wide
winapi,0.3.9,MIT/Apache-2.0,https://github.com/retep998/winapi-rs
winapi-i686-pc-windows-gnu,0.4.0,MIT/Apache-2.0,https://github.com/retep998/winapi-rs
winapi-util,0.1.11,Unlicense OR MIT,https://github.com/BurntSushi/winapi-util
winapi-x86_64-pc-windows-gnu,0.4.0,MIT/Apache-2.0,https://github.com/retep998/winapi-rs
windows,0.54.0,MIT OR Apache-2.0,https://github.com/microsoft/windows-rs
windows,0.58.0,MIT OR Apache-2.0,https://github.com/microsoft/windows-rs
windows,0.61.3,MIT OR Apache-2.0,https://github.com/microsoft/windows-rs
windows,0.62.2,MIT OR Apache-2.0,https://github.com/microsoft/windows-rs
windows-collections,0.2.0,MIT OR Apache-2.0,https://github.com/microsoft/windows-rs
windows-collections,0.3.2,MIT OR Apache-2.0,https://github.com/microsoft/windows-rs
windows-core,0.54.0,MIT OR Apache-2.0,https://github.com/microsoft/windows-rs
windows-core,0.58.0,MIT OR Apache-2.0,https://github.com/microsoft/windows-rs
windows-core,0.61.2,MIT OR Apache-2.0,https://github.com/microsoft/windows-rs
windows-core,0.62.2,MIT OR Apache-2.0,https://github.com/microsoft/windows-rs
windows-future,0.2.1,MIT OR Apache-2.0,https://github.com/microsoft/windows-rs
windows-future,0.3.2,MIT OR Apache-2.0,https://github.com/microsoft/windows-rs
windows-implement,0.58.0,MIT OR Apache-2.0,https://github.com/microsoft/windows-rs
windows-implement,0.60.2,MIT OR Apache-2.0,https://github.com/microsoft/windows-rs
windows-interface,0.58.0,MIT OR Apache-2.0,https://github.com/microsoft/windows-rs
windows-interface,0.59.3,MIT OR Apache-2.0,https://github.com/microsoft/windows-rs
windows-link,0.1.3,MIT OR Apache-2.0,https://github.com/microsoft/windows-rs
windows-link,0.2.1,MIT OR Apache-2.0,https://github.com/microsoft/windows-rs
windows-numerics,0.2.0,MIT OR Apache-2.0,https://github.com/microsoft/windows-rs
windows-numerics,0.3.1,MIT OR Apache-2.0,https://github.com/microsoft/windows-rs
windows-result,0.1.2,MIT OR Apache-2.0,https://github.com/microsoft/windows-rs
windows-result,0.2.0,MIT OR Apache-2.0,https://github.com/microsoft/windows-rs
windows-result,0.3.4,MIT OR Apache-2.0,https://github.com/microsoft/windows-rs
windows-result,0.4.1,MIT OR Apache-2.0,https://github.com/microsoft/windows-rs
windows-strings,0.1.0,MIT OR Apache-2.0,https://github.com/microsoft/windows-rs
windows-strings,0.4.2,MIT OR Apache-2.0,https://github.com/microsoft/windows-rs
windows-strings,0.5.1,MIT OR Apache-2.0,https://github.com/microsoft/windows-rs
windows-sys,0.45.0,MIT OR Apache-2.0,https://github.com/microsoft/windows-rs
windows-sys,0.52.0,MIT OR Apache-2.0,https://github.com/microsoft/windows-rs
windows-sys,0.59.0,MIT OR Apache-2.0,https://github.com/microsoft/windows-rs
windows-sys,0.60.2,MIT OR Apache-2.0,https://github.com/microsoft/windows-rs
windows-sys,0.61.2,MIT OR Apache-2.0,https://github.com/microsoft/windows-rs
windows-targets,0.42.2,MIT OR Apache-2.0,https://github.com/microsoft/windows-rs
windows-targets,0.52.6,MIT OR Apache-2.0,https://github.com/microsoft/windows-rs
windows-targets,0.53.5,MIT OR Apache-2.0,https://github.com/microsoft/windows-rs
windows-threading,0.1.0,MIT OR Apache-2.0,https://github.com/microsoft/windows-rs
windows-threading,0.2.1,MIT OR Apache-2.0,https://github.com/microsoft/windows-rs
windows_aarch64_gnullvm,0.42.2,MIT OR Apache-2.0,https://github.com/microsoft/windows-rs
windows_aarch64_gnullvm,0.52.6,MIT OR Apache-2.0,https://github.com/microsoft/windows-rs
windows_aarch64_gnullvm,0.53.1,MIT OR Apache-2.0,https://github.com/microsoft/windows-rs
windows_aarch64_msvc,0.42.2,MIT OR Apache-2.0,https://github.com/microsoft/windows-rs
windows_aarch64_msvc,0.52.6,MIT OR Apache-2.0,https://github.com/microsoft/windows-rs
windows_aarch64_msvc,0.53.1,MIT OR Apache-2.0,https://github.com/microsoft/windows-rs
windows_i686_gnu,0.42.2,MIT OR Apache-2.0,https://github.com/microsoft/windows-rs
windows_i686_gnu,0.52.6,MIT OR Apache-2.0,https://github.com/microsoft/windows-rs
windows_i686_gnu,0.53.1,MIT OR Apache-2.0,https://github.com/microsoft/windows-rs
windows_i686_gnullvm,0.52.6,MIT OR Apache-2.0,https://github.com/microsoft/windows-rs
windows_i686_gnullvm,0.53.1,MIT OR Apache-2.0,https://github.com/microsoft/windows-rs
windows_i686_msvc,0.42.2,MIT OR Apache-2.0,https://github.com/microsoft/windows-rs
windows_i686_msvc,0.52.6,MIT OR Apache-2.0,https://github.com/microsoft/windows-rs
windows_i686_msvc,0.53.1,MIT OR Apache-2.0,https://github.com/microsoft/windows-rs
windows_x86_64_gnu,0.42.2,MIT OR Apache-2.0,https://github.com/microsoft/windows-rs
windows_x86_64_gnu,0.52.6,MIT OR Apache-2.0,https://github.com/microsoft/windows-rs
windows_x86_64_gnu,0.53.1,MIT OR Apache-2.0,https://github.com/microsoft/windows-rs
windows_x86_64_gnullvm,0.42.2,MIT OR Apache-2.0,https://github.com/microsoft/windows-rs
windows_x86_64_gnullvm,0.52.6,MIT OR Apache-2.0,https://github.com/microsoft/windows-rs
windows_x86_64_gnullvm,0.53.1,MIT OR Apache-2.0,https://github.com/microsoft/windows-rs
windows_x86_64_msvc,0.42.2,MIT OR Apache-2.0,https://github.com/microsoft/windows-rs
windows_x86_64_msvc,0.52.6,MIT OR Apache-2.0,https://github.com/microsoft/windows-rs
windows_x86_64_msvc,0.53.1,MIT OR Apache-2.0,https://github.com/microsoft/windows-rs
winit,0.30.13,Apache-2.0,https://github.com/rust-windowing/winit
winnow,0.7.15,MIT,https://github.com/winnow-rs/winnow
winnow,1.0.2,MIT,https://github.com/winnow-rs/winnow
wit-bindgen,0.51.0,Apache-2.0 WITH LLVM-exception OR Apache-2.0 OR MIT,https://github.com/bytecodealliance/wit-bindgen
wit-bindgen,0.57.1,Apache-2.0 WITH LLVM-exception OR Apache-2.0 OR MIT,https://github.com/bytecodealliance/wit-bindgen
wit-bindgen-core,0.51.0,Apache-2.0 WITH LLVM-exception OR Apache-2.0 OR MIT,https://github.com/bytecodealliance/wit-bindgen
wit-bindgen-rust,0.51.0,Apache-2.0 WITH LLVM-exception OR Apache-2.0 OR MIT,https://github.com/bytecodealliance/wit-bindgen
wit-bindgen-rust-macro,0.51.0,Apache-2.0 WITH LLVM-exception OR Apache-2.0 OR MIT,https://github.com/bytecodealliance/wit-bindgen
wit-component,0.244.0,Apache-2.0 WITH LLVM-exception OR Apache-2.0 OR MIT,https://github.com/bytecodealliance/wasm-tools/tree/main/crates/wit-component
wit-parser,0.244.0,Apache-2.0 WITH LLVM-exception OR Apache-2.0 OR MIT,https://github.com/bytecodealliance/wasm-tools/tree/main/crates/wit-parser
writeable,0.6.3,Unicode-3.0,https://github.com/unicode-org/icu4x
x11-dl,2.21.0,MIT,https://github.com/AltF02/x11-rs.git
x11rb,0.13.2,MIT OR Apache-2.0,https://github.com/psychon/x11rb
x11rb-protocol,0.13.2,MIT OR Apache-2.0,https://github.com/psychon/x11rb
xcursor,0.3.10,MIT,https://github.com/esposm03/xcursor-rs
xkbcommon-dl,0.4.2,MIT,https://github.com/rust-windowing/xkbcommon-dl
xkeysym,0.2.1,MIT OR Apache-2.0 OR Zlib,https://github.com/notgull/xkeysym
xml-rs,0.8.28,MIT,https://github.com/kornelski/xml-rs
yazi,0.2.1,Apache-2.0 OR MIT,https://github.com/dfrg/yazi
yoke,0.8.2,Unicode-3.0,https://github.com/unicode-org/icu4x
yoke-derive,0.8.2,Unicode-3.0,https://github.com/unicode-org/icu4x
zeno,0.3.3,Apache-2.0 OR MIT,https://github.com/dfrg/zeno
zerocopy,0.8.48,BSD-2-Clause OR Apache-2.0 OR MIT,https://github.com/google/zerocopy
zerocopy-derive,0.8.48,BSD-2-Clause OR Apache-2.0 OR MIT,https://github.com/google/zerocopy
zerofrom,0.1.8,Unicode-3.0,https://github.com/unicode-org/icu4x
zerofrom-derive,0.1.7,Unicode-3.0,https://github.com/unicode-org/icu4x
zeroize,1.8.2,Apache-2.0 OR MIT,https://github.com/RustCrypto/utils
zerotrie,0.2.4,Unicode-3.0,https://github.com/unicode-org/icu4x
zerovec,0.11.6,Unicode-3.0,https://github.com/unicode-org/icu4x
zerovec-derive,0.11.3,Unicode-3.0,https://github.com/unicode-org/icu4x
zip,2.4.2,MIT,https://github.com/zip-rs/zip2.git
zmij,1.0.21,MIT,https://github.com/dtolnay/zmij
zopfli,0.8.3,Apache-2.0,https://github.com/zopfli-rs/zopfli
zstd,0.13.3,MIT,https://github.com/gyscos/zstd-rs
zstd-safe,7.2.4,MIT OR Apache-2.0,https://github.com/gyscos/zstd-rs
zstd-sys,2.0.16+zstd.1.5.7,MIT/Apache-2.0,https://github.com/gyscos/zstd-rs
zune-core,0.5.1,MIT OR Apache-2.0 OR Zlib,https://github.com/etemesi254/zune-image
zune-jpeg,0.5.15,MIT OR Apache-2.0 OR Zlib,https://github.com/etemesi254/zune-image/tree/dev/crates/zune-jpeg
